jersey_number,name,position,nationality,date_of_birth,height_cm,weight_kg,daily_training_load,weekly_load_index,atl_acute_load_7d,ctl28_chronic_load_28d,acwr,monotony,strain,previous_injury_count,total_distance_km,top_speed_kmh,average_running_speed,high_intensity_running,injury_risk_probability,risk_level,predicted_fitness_score,top_recommendation
1,Noah Becker,GK,Germany,1998-07-19,192.0,88.0,320.0,2.2,91.4,102.9,0.889,1.25,2800.0,0,3.2,24.0,0.9,4.0,0.197,low,73.9,Metrics look healthy. Maintain current training plan.
2,Tariq Osei,DEF,Ghana,2003-04-11,182.0,76.0,500.0,3.5,142.9,160.7,0.889,1.25,4375.0,0,6.4,29.0,1.8,6.4,0.607,moderate,71.2,Elevated injury risk detected. Reduce high-intensity sessions and increase recovery time.
3,Lucas Hernandez,DEF,France,2000-09-12,184.0,79.0,480.0,3.4,137.1,154.3,0.889,1.25,4200.0,0,5.6,29.3,1.6,5.6,0.503,moderate,70.8,Elevated injury risk detected. Reduce high-intensity sessions and increase recovery time.
4,Liam Davies,DEF,Wales,1999-11-23,188.0,82.0,540.0,3.8,154.3,173.6,0.889,1.25,4725.0,0,6.2,28.7,1.7,5.2,0.874,high,71.2,Elevated injury risk detected. Reduce high-intensity sessions and increase recovery time.
5,Dominic Scott,DEF,Scotland,1999-06-02,187.0,83.0,510.0,3.6,145.7,163.9,0.889,1.25,4462.5,0,5.9,27.5,1.6,6.0,0.836,high,71.2,Elevated injury risk detected. Reduce high-intensity sessions and increase recovery time.
6,Andres Marquez,DEF,Spain,1997-05-21,183.0,78.0,300.0,2.1,85.7,96.4,0.889,1.25,2625.0,1,4.2,24.5,1.2,3.6,0.09,low,72.8,Metrics look healthy. Maintain current training plan.
7,Ethan Walker,FWD,England,2003-01-30,180.0,75.0,546.7,3.8,194.3,182.9,1.062,1.25,4783.3,0,6.43,31.4,1.8,3.6,0.605,moderate,72.5,Elevated injury risk detected. Reduce high-intensity sessions and increase recovery time.
8,Mateo Silva,MID,Brazil,2002-03-08,178.0,73.0,550.0,3.9,214.3,187.5,1.143,1.25,4812.5,1,6.6,29.2,1.8,4.4,0.806,high,72.5,Elevated injury risk detected. Reduce high-intensity sessions and increase recovery time.
9,Oliver Jensen,FWD,Denmark,2002-12-17,186.0,81.0,573.3,4.0,205.7,192.1,1.071,1.25,5016.7,0,6.17,29.5,1.7,4.0,0.893,high,73.0,Elevated injury risk detected. Reduce high-intensity sessions and increase recovery time.
10,Marcus Vance,FWD,England,2001-05-14,183.0,77.5,480.0,3.4,140.0,154.3,0.907,1.25,4200.0,0,6.2,30.0,1.7,7.2,0.337,moderate,71.2,Elevated injury risk detected. Reduce high-intensity sessions and increase recovery time.
11,Kai Tanaka,MID,Japan,2000-04-25,174.0,68.0,510.0,3.6,145.7,163.9,0.889,1.25,4462.5,0,8.2,29.8,2.3,5.2,0.47,moderate,70.2,Elevated injury risk detected. Reduce high-intensity sessions and increase recovery time.
13,Emil Kowalski,GK,Poland,1996-02-03,195.0,91.0,320.0,2.2,91.4,102.9,0.889,1.25,2800.0,0,3.2,24.0,0.9,4.4,0.192,low,73.9,Metrics look healthy. Maintain current training plan.
14,Youssef Amrani,MID,Morocco,1999-12-02,180.0,75.0,495.0,3.5,141.4,159.1,0.889,1.25,4331.2,0,6.3,28.5,1.8,5.6,0.649,moderate,71.2,Elevated injury risk detected. Reduce high-intensity sessions and increase recovery time.
15,Milo Andersen,DEF,Denmark,2001-01-08,185.0,80.0,480.0,3.4,137.1,154.3,0.889,1.25,4200.0,0,5.6,28.7,1.6,6.8,0.549,moderate,70.8,Elevated injury risk detected. Reduce high-intensity sessions and increase recovery time.
16,Gabriel Rossi,MID,Italy,2001-08-05,176.0,71.0,310.0,2.2,88.6,99.6,0.889,1.25,2712.5,1,4.5,25.0,1.2,4.8,0.08,low,72.7,Metrics look healthy. Maintain current training plan.
17,Finn O'Callaghan,MID,Ireland,2001-06-19,181.0,76.0,680.0,4.8,194.3,218.6,0.889,1.25,5950.0,0,7.5,29.0,2.1,6.0,0.996,high,72.4,Elevated injury risk detected. Reduce high-intensity sessions and increase recovery time.
19,Rafael Costa,FWD,Portugal,1999-09-09,179.0,74.0,510.0,3.6,145.7,163.9,0.889,1.25,4462.5,0,6.1,30.0,1.7,4.4,0.627,moderate,71.2,Elevated injury risk detected. Reduce high-intensity sessions and increase recovery time.
21,Bjorn Eriksson,DEF,Sweden,2002-08-14,189.0,85.0,280.0,2.0,80.0,60.0,1.333,1.25,2450.0,0,4.0,24.0,1.1,4.0,0.047,low,74.0,Attendance is below 80%; consistent presence improves fitness outcomes.
22,Casper Lindqvist,MID,Sweden,2000-02-27,179.0,72.0,495.0,3.5,141.4,159.1,0.889,1.25,4331.2,0,6.3,28.0,1.8,6.8,0.68,high,71.2,Elevated injury risk detected. Reduce high-intensity sessions and increase recovery time.
24,Callum Whitfield,DEF,England,2000-10-30,186.0,81.0,560.0,3.9,211.4,189.6,1.115,1.25,4900.0,0,6.2,27.8,1.7,7.2,0.893,high,73.0,Elevated injury risk detected. Reduce high-intensity sessions and increase recovery time.
26,Viktor Petrov,MID,Bulgaria,2003-03-03,177.0,70.0,260.0,1.8,74.3,55.7,1.333,1.25,2275.0,0,4.0,24.5,1.1,6.4,0.018,low,73.5,Attendance is below 80%; consistent presence improves fitness outcomes.
27,Devon Marsh,FWD,England,1998-03-16,181.0,78.0,260.0,1.8,74.3,83.6,0.889,1.25,2275.0,2,3.8,23.0,1.1,4.8,0.071,low,73.7,Metrics look healthy. Maintain current training plan.
31,Ryo Fujimori,GK,Japan,2004-09-27,189.0,84.0,240.0,1.7,68.6,51.4,1.333,1.25,2100.0,0,2.4,22.0,0.7,4.8,0.057,low,75.8,Attendance is below 80%; consistent presence improves fitness outcomes.
